{
  "version": 2,
  "builds": [
    {
      "src": "server/index.ts",
      "use": "@vercel/node",
      "config": {
        "includeFiles": ["uploads/**"]
      }
    },
    {
      "src": "package.json",
      "use": "@vercel/static-build",
      "config": {
        "distDir": "dist"
      }
    }
  ],
  "routes": [
    {
      "src": "/api/(.*)",
      "dest": "/server/index.ts"
    },
    {
      "src": "/uploads/(.*)",
      "dest": "/uploads/$1"
    },
    {
      "src": "/(.*)",
      "dest": "/dist/$1"
    }
  ],
  "functions": {
    "server/index.ts": {
      "maxDuration": 30
    }
  }
}